id,source,dest
1,1,2
2,2,1
3,2,3
4,3,2
5,3,4
6,4,3
7,4,5
8,5,4
9,5,6
10,6,5
11,6,7
12,7,6
13,7,8
14,8,7
15,8,9
16,9,8
17,9,14
18,10,54
19,11,49
20,12,59
21,13,60
22,14,9
23,14,15
24,15,14
25,15,17
26,15,15
27,16,56
28,16,55
29,16,16
30,17,15
31,17,18
32,18,17
33,18,19
34,19,18
35,19,20
36,20,19
37,20,22
38,20,20
39,21,23
40,21,38
41,21,21
42,22,20
43,22,24
44,22,22
45,23,21
46,23,39
47,23,23
48,24,22
49,24,25
50,25,24
51,25,27
52,26,101
53,26,40
54,27,25
55,27,28
56,28,27
57,28,29
58,29,28
59,29,30
60,30,29
61,30,31
62,31,30
63,32,33
64,33,32
65,33,34
66,34,33
67,34,35
68,35,34
69,35,37
70,36,85
71,36,82
72,37,35
73,37,38
74,38,37
75,38,23
76,39,23
77,39,41
78,40,26
79,41,39
80,41,42
81,42,41
82,42,43
83,43,42
84,43,44
85,44,43
86,44,46
87,45,156
88,45,157
89,46,44
90,47,193
91,48,51
92,49,116
93,49,11
94,50,137
95,50,138
96,51,48
97,51,52
98,52,51
99,52,53
100,53,52
101,53,55
102,54,10
103,54,85
104,55,53
105,55,16
106,56,16
107,56,57
108,57,56
109,57,62
110,59,155
111,59,12
112,60,13
113,60,65
114,61,66
115,62,57
116,62,63
117,63,62
118,63,64
119,64,63
120,64,67
121,65,60
122,65,74
123,66,61
124,66,179
125,67,64
126,67,68
127,68,67
128,68,69
129,69,68
130,69,70
131,70,69
132,70,71
133,71,70
134,71,72
135,72,71
136,72,73
137,73,72
138,74,65
139,74,166
140,75,76
141,76,75
142,76,77
143,77,76
144,77,78
145,78,77
146,78,80
147,79,141
148,79,142
149,80,78
150,80,81
151,81,80
152,81,82
153,82,81
154,82,83
155,83,82
156,83,85
157,85,83
158,85,54
159,86,87
160,87,86
161,87,88
162,88,87
163,88,89
164,89,88
165,89,90
166,90,89
167,90,92
168,91,148
169,91,149
170,92,90
171,92,93
172,93,92
173,93,94
174,94,93
175,94,95
176,95,94
177,95,96
178,96,95
179,96,97
180,97,96
181,97,98
182,98,97
183,98,99
184,99,98
185,99,100
186,100,99
187,100,101
188,101,100
189,101,26
190,102,103
191,103,102
192,103,104
193,104,103
194,104,105
195,105,104
196,105,106
197,106,105
198,106,107
199,107,106
200,107,108
201,108,107
202,108,109
203,109,108
204,109,110
205,110,109
206,110,111
207,111,110
208,111,112
209,112,111
210,112,113
211,113,112
212,113,114
213,114,113
214,114,115
215,115,114
216,115,116
217,116,115
218,116,49
219,117,118
220,118,117
221,118,119
222,119,118
223,119,120
224,120,119
225,120,121
226,121,120
227,121,122
228,122,121
229,122,123
230,123,122
231,123,124
232,124,123
233,124,125
234,125,124
235,125,126
236,126,125
237,126,127
238,127,126
239,127,128
240,128,127
241,128,129
242,129,128
243,129,130
244,130,129
245,130,131
246,131,130
247,131,133
248,132,134
249,133,131
250,133,135
251,134,132
252,134,139
253,135,133
254,135,136
255,136,135
256,136,137
257,137,136
258,137,50
259,138,50
260,139,134
261,139,140
262,140,139
263,140,141
264,141,140
265,141,79
266,142,79
267,142,143
268,143,142
269,143,144
270,144,143
271,144,145
272,145,144
273,145,146
274,146,145
275,146,147
276,147,146
277,147,148
278,148,147
279,148,91
280,149,91
281,149,150
282,150,149
283,150,151
284,151,150
285,151,152
286,152,151
287,152,153
288,153,152
289,153,154
290,154,153
291,155,59
292,155,156
293,156,155
294,156,45
295,157,45
296,157,158
297,158,157
298,158,159
299,159,158
300,159,160
301,160,159
302,160,161
303,161,160
304,161,162
305,162,161
306,162,163
307,163,162
308,163,164
309,164,163
310,164,165
311,165,164
312,166,74
313,166,167
314,167,166
315,167,168
316,168,167
317,168,169
318,169,168
319,169,170
320,170,169
321,170,171
322,171,170
323,171,172
324,172,171
325,172,174
326,173,190
327,174,172
328,174,175
329,175,174
330,175,176
331,176,175
332,176,177
333,177,176
334,177,178
335,178,177
336,179,66
337,179,181
338,180,191
339,181,179
340,181,182
341,182,181
342,182,183
343,183,182
344,183,184
345,184,183
346,184,186
347,186,184
348,186,187
349,187,186
350,187,188
351,188,187
352,188,189
353,189,188
354,189,190
355,190,189
356,190,173
357,191,180
358,191,192
359,192,191
360,193,47
361,193,194
362,194,193
363,194,195
364,195,194
365,195,196
366,196,195
367,196,197
368,197,196
369,197,198
370,198,197
371,198,199
372,199,198
373,199,200
374,200,199
375,200,201
376,201,200
377,201,202
378,202,201
379,9,10
380,9,11
381,9,12
382,9,13
383,10,9
384,10,11
385,10,12
386,10,13
387,11,9
388,11,10
389,11,12
390,11,13
391,12,9
392,12,10
393,12,11
394,12,13
395,13,9
396,13,10
397,13,11
398,13,12
399,15,16
400,16,15
401,20,21
402,21,20
403,22,23
404,23,22
405,25,26
406,26,25
407,83,35
408,35,83
409,39,40
410,40,39
411,44,45
412,45,44
413,46,47
414,47,46
415,48,49
416,48,50
417,49,48
418,49,50
419,50,48
420,50,49
421,53,54
422,54,53
423,57,58
424,57,59
425,57,60
426,57,61
427,58,57
428,58,59
429,58,60
430,58,61
431,59,57
432,59,58
433,59,60
434,59,61
435,60,57
436,60,58
437,60,59
438,60,61
439,61,57
440,61,58
441,61,59
442,61,60
443,64,65
444,64,66
445,65,64
446,65,66
447,66,64
448,66,65
449,73,74
450,74,73
451,78,79
452,79,78
453,90,91
454,91,90
455,131,132
456,132,131
457,133,134
458,134,133
459,172,173
460,173,172
461,179,180
462,180,179
